90095,Cosmetal VR-P2 Plastic Drip Tray with drain
90096,Cosmetal funnel for sink drain - SL Mode
99020,Cosmetal VR-12 Built in SS drip tray with drain
99079,Plastic deep drip tray VR-PA
99113,Drip Tray VR-IS - SS - suits Cosmetal Top
99231,Cosmetal G73H KIT 3 way tap
99269,G7 Electronic Dispenser
985050,Ventilation Grille - Billi
986410,Mains Supply Booster Pump Kit
990705,Billi Slimline Font Kit - Alpine
990710,Billi Font incl Riser - QL Dispenser Only
990713,Cupboard Ventilation Kit
990714,Extension Kit - Plus Systems - 1.8m
990720,Tap Extension Kit 2m - Incl loom tubes and fittings
990724,Tubing Extension Kit 2.0m Suits Alpine 060-120 Filter Taps
992022,Option-XT Touch dispenser black chrome 
992130CH,Extended Slimline Dispenser spout - Chrome Square
992152,Dispenser Option Sink Mixer - Black Chrome
992160,Paddle Lever Sink Mixer - Standard Type - Chrome
992167,Dispenser Gooseneck - Gloss Black - Standard type
992169,Paddle Lever Sink Mixer - Standard Type - Matte Black
992181CH,Mixer Tap - Round Gooseneck - Stand Alone - Chrome
992182BRNZ,Mixer Tap - Square Gooseneck - Stand-Alone - Brushed
992800BR,Font Kit - XL incl 70mm Riser Brushed
992800CH,Font Kit - XI Style - with 70mm riser
992800MB,XI Font Kit - Matte Black with 70mm riser
992800SP,XI Font incl 70mm Riser Special colour/finish
992802,XL Font Kit- Black Chrome with 70mm Riser
992803BR,XL Font incl 120mm Riser Brushed
992803CH,XL Font incl 120mm Riser Chrome
992803GB,XL Font incl 120mm Riser Gloss Black
992803MB,XL Font incl 120mm Riser Matte  Black
992810BR,XL Slimline Font Brushed
992810CH,XI Slimline Font Chrome
992810MB,XI Slimline Font Matte Black
992820BR,XL Dispenser Riser 70mm Brushed
992820CH,Riser - XL Bright Chrome 70mm
992820GB,XL Dispenser Riser 70mm Gloss Black
992820MB,XL Dispenser Riser 70mm Matt Black
992830CH,XL Dispenser Riser 120mm Chrome
992830MB,XL Dispenser Riser 120mm Matte Black
996300,Braille stickers for Billi XL tap - red and blue
996901,CO2 Replacement Cylinder 2.2litre
DS-100,Schwan Font Kit
MQ2400,Disp Gooseneck High-clearance - Chilled n Sparkling - Chrome
MQ2400BR,Disp Gooseneck  Chilled n Sparkling - Brushed Chrome
MQ2400MB,Disp Gooseneck  Chilled n Sparkling - Matt Black
MQ2401,Cosmetal G662 Kit Twin lever bar tap
008NWRC,O-Ring IMP WRC 008 70 - Cosmetal
61058,10 x 0.63 Pan Pozi STP Screw AB ZP
99003,CO2 regulator for refillable canister c/w 6mm push-fit
99123,Cosmetal 8 mm mixed fittings kit
99125,Cosmetal 6 mm mixed fittings kit
99126,Cosmetal carbonator mixed fittings kit
100000-511-000,Aqualini cartridge to suit ASM-1 standard sink mixer 
1000001600,Elkay KIT EZ FRONT PUSHBAR
1000002147,Elkay Compr Service Pack 230V-50H EM65HNR
1000004575,Elkay Solenoid Regulator Assembly
113EPR,O Ring - Eco Pump Inlet
115V,O-ring Venturi inlet seal
118N70,O-ring seal. Suits Blue Merquip Filter head.
1501521,Cosmetal Agitator Pump 230v. Micromega
1581176,Cosmetal Compressor NL10MF
1581178,Cosmetal Compressor CD130 Q
1581181,Cosmetal Compressor TL4G
1581182,Cosmetal Compressor TL3F
160312,Brass Female Wing Back Elbow 15mm
160317,Brass Crox Tee 15mm
160327,Brass Socket Hex Reducing 15mm Male - 20mm Female
160338,Brass cap 15mm
160339,Brass cap 20mm
160427,Flexible inlet hose 600mm  SS
160429,Flexible Hose S-Steel & Elbow 
170110931,Deep grill for drip tray
1761101603,Cosmetal Motor Fan 230v 120x120x38
1761101604,Cosmetal Motor Fan 230v. 120x120x25
17613008,Cosmetal Agitator Motor 230v H-L
17613010,Cosmetal Agitator Motor 230v H
1761514002,Cosmetal Pump 200 ltr per hr
1761517006,Cosmetal Pump 200 ltr per hr
1761517008,Cosmetal Pump  230v suits H2OMY
1761517011,Cosmetal Pump Rotary Vane 100 lt per hr
1924841, FAN 12v DC
20504,0.25in double tail joiner
210213,White Button for Alpine 125 Dispenser - sprue of 2
210407,Support tube
210409,Retaining nut
210501,Gasket base
219230,Sky Blue Coloured XL Lever Cold (Tech Use Only)
219231,Fire Engine Red Coloured XL Lever Hot (Tech Use Only)
22450.00.01,Flexible Hose 0.5in F - 10mm M ssteel
2252346,Compr parts: Embraco Start Capacitor
2295935,Bi-metallic NO thermostat Close@ 35degC
2521515,Water Pressure Reducer Minibrass 3/8FF
2641101,Cosmetal solenoid valve 24v 
2641131,Flow Regulator/Compensator - Sparkling Water
2641136,Cosmetal Inlet safety valve 24V
2641138,Cosmetal Inlet Safety Valve 24v
2641143,Cosmetal solenoid valve 24v
2641149,Cosmetal solenoid valve 24V
2641534,Cosmetal check valve - non return valve
2781319,Adjustable Feet
2781323,Siphon
27970.00.01,Flexible M12 x F.5in x 400mm
2801363,PE Hose. 8mm x 6mm per mtr
2801368,PE Hose 6mm x 4mm per mtr
28856.00.01,Locknut to suit new style cartridge
332508,15mm Hex Nipple
35839C,Elkay KIT-35839C Cold Control Thermostat
3821914,Level Control 230v
3821915,Cosmetal Flat Cable
3822714,Cosmetal main switch 230v
3822719,Cosmetal dispensing push button switch 
3822966,Cosmetal Display Board 5 button
3822967,Cosmetal H20 Electronic Board EC V09
3822968,Cosmetal Relay for Inlet Valve
3822990,Cosmetal Flow Meter
3823009,Relay - Cosmetal H2OMY chillers
3823011,Thermal Protector - Cosmetal H2OMY chiller
3823712,Presure Switch - CO2
3824923,Cosmetal Thermal Cutout Fuse
3824925,Cosmetal Hot Water Thermostat
3824926,Cosmetal Hot Water Thermostat 95c
3824929,Cosmetal Thermostat - suits Ice Bank Niagara
3824930,Cosmetal Thermostat - suits Ice Bank Mini - H2OMY
3825101008,Cosmetal Transformer 230-24v - Niagara 120 TSL
3825101009,Cosmetal Transformer 230-24v - suits Niagara Top
401054,Plus Sprung Check Valve -non return
401055,Fitting - venturi outlet
401056,Fitting - mixer spout inlet
401060,SSteel CSK screw M3x6
401062,O-ring 7.5 x 2.7 Venturi outlet
401122,Olive 5/16 brass
401123,Nut 5/16 olive type
401127,Tube ferrule - 5/16 (44 60N05)
401130,Spring clamp - 15mm
401241,O-ring Filter cartridge outer
401607,Overtemp cutout
401608,Overtemp cutout bracket
401724,Quadra level Sensor Gasket
401745,O-ring 3/4 solenoid
401746,O-ring 1/2 solenoid
401748,Nut 1/2 BSP -inlet valve retainer
402702,Grille only to suit QL Font Kit
44 315202S,Bung for Plus Venturi ports - 1/8 solid brass
442020604,Brass Elbow 1/4 BSP x 3/8 tail
44315204,1/4 BSP Hex Plug
44315208S,1/2 Hex Plug
4433240604,1/4 - 5/16 bsp Brass adapter
446103,3/16 Compression Nut
446203,3/16 - 3/16 Brass Double Union
446N03,3/16 Olive
45662C,Elkay Round Push Button
5112,Cupboard Drip Tray
512120,Tray only - Billi Font Kit XL -  Black
56229C,Elkay Upper Plastic Shroud
61313C,Elkay Regulator w/spring
6503,Union Elbow 3/16
660413,Eco Element Gasket
701404,M4 x 16mm pan head screw
702111,Fitting 1/4 nipple (44 332504)
702132,1/4 BSPF x 5/16 brass elbow
702603,Lock Nut 1/2
815614020,Cosmetal Temperature Sensor Niagara EC
815614021,Cosmetal Green LED
815614022,Cosmetal Red LED
851011,Cabinet Top - Loom - KW
851501,6mm tube nut
851503,Nut - 8mm tube nut
851506,3/8 nylon olive
851517,Nut - 5mm fitting Condensor outlet
851616,Preheat inlet - 1/8 BSP x 6mm
851650,Fitting - aux cool outlet 3/16
851714,Fitting - Silicon Elbow
851816,8mm x 1/8 BSP straight adapter
852100,QL Dispenser – Chrome Replacement Kit
852107,Dispenser Kit - Slimline Round - Matte Black
852118,QL - Replacement Trio Dispenser
852127,Dispenser - Mixer Tap Kit - Matte Black - Paddle
852128,Dispenser Kit - Paddle Mixer - Brushed
852130,Dispenser Kit - Paddle Mixer - Chrome
852132,Alpine Slimline Dispenser Assembly
852133,Quadra dispenser-rear assembly
852135,Dispenser Kit - Slimline Round - Brushed
852139,Dispenser Kit - Gooseneck - Bright Chrome - Plus
852144,Dispenser - Gooseneck Mixer Tap Kit - Brushed
852145,Dispenser Kit - Gooseneck - Matte Black
852150,XL Dispenser - Bright Chrome - Replacement Kit
852151,Dispenser Kit -XL Levered - Brushed Chrome
852152,Dispenser Kit -XL Levered Gloss Black
852153,XT - Touch Dispenser replacement - Chrome
852154,Dispenser Kit - XT Touch - Brushed
852155,Dispenser Kit -XT Touch - Black Chrome
852156,Dispenser Kit - XR Remote - Chrome
852159,Dispenser Kit XL red/blue levers LRB
852160,Dispenser Kit - XL Levered - Matte Black
852161,Dispenser Kit - XT Touch - Matte Black
852165,Dispenser Kit - XL Sparkling - Chrome
852166,Dispenser Kit - XL Sparkling - Brushed
852168,Dispenser Kit - XL Sparkling - Matte Black
852170,Dispenser Kit QL Remote - Chrome
852174,Dispenser Kit - XL Levered - Weathered Bronze
852180,Dispenser Kit - Slimline Dual Sparkling
852205,Dispenser Base Assembly - QL Style
852210,Dispenser Base Assembly V3 XI Tap
852221,XI Font Base Tray - Chrome
852227,Font Base Moulding Assembly – Chrome
852229,X Series Font Panel Set – Chrome
852242,Bottle Filler replacement dispenser - suits bubblers
852243,Bubbler Drinking Tap - Small Push Button Style
852271,Font Drain Adaptor Kit
852300,QL Dispenser - PCB Assembly - Quadra 
852301,Tap PCB Assembly - Sahara Series 2
852302,Alpine Tap PCB Assembly New Style
852303,Quadra style Trio tap PCB and loom
852305,Loom Set - QL Remote Dispenser
852308,Dispenser PCB Assembly - XT
852309,Kwikwash Sensor Tap Loom and Sensor
852314,PCB and Loom - Tap - Trio
852316,Dual temp tap loom - Alpine
852333,Tap wiring loom assy - Duet
852401,Flow Director Insert - Suits Q Plus Sink Mixer
852404,Seal and button set - Quadra
852410,Mounting Shaft - For Billi Dispensers QL-XL-XT-XR
852411,Dispenser - Button set - Quadra
852428,Printed Lens - Quadra
852434,Push through mixer cartridge - Qplus
852436,Dispenser Cartridge - Mixer Tap - D35 Small - Paddle Mixer
852437,Slimline Dispenser Cartridge (Pre-2018 type w 22mm thread)
852438,Dispenser Cartridge - Stand-Alone Pin Mixer Tap
852504,Loom Disp - PCB internal connection
852543,Wiring Loom - Level Sensor
852556,Eco hot tank loom
852800,Grommet - Strain relief-small
852805,Loom - PCB connect - 26 way
852808,Element thermal fuse - Trio
852901,Dispenser Kit - XL Sparkling - Custom Colour
852932,Dispenser - Square Gooseneck Mixer Kit - Chrome
852934,Dispenser - Square Gooseneck Mixer Kit - Matte Black
853005,PCB - Slave with Filter Washer - Trio
853008,Display front PCB master - Trio
853009,Power Supply PCB
853015,PCB - Sparkling S2 Solenoid Control - Billi
853017,PCB - Sparkling S2 Adaptor - Billi
853018,Sahara S3 and Eco Main PCB
853025,PCB Assembly - Display - Quadra
853082,PCB Display Assembly V8
853109,Hot temperature sensor - Trio
853110,Temp sensor assy - hot - Quadra
853111,Sensor - Cold temp - Trio
853112,Temp sensor assy  Cold - Quadra
853113,Sensor - Condensor temp - Trio
853114,Temp sensor assy Refrig - Quadra
853120,Level sensor only - Quadra
853127,Filter switch - RF reader assembly
853143,Hot temperature sensor - Duet
853150,Level Sensor Kit - Trio
853230,Thermostat - Alpine
853232,Switch pressure relief assy Quadra
853233,Billi Thermostat and Control Knob Assy - Sparkling
853240,Compressor Switch Kit NSA 43
853241,Thermal cutout
853250,Micro switch filter assy Quadra
853313,Programming Kit - Eco/Sahara S3
853315,V27 Master micro - Trio
853316,V29 Slave micro - Trio
853507,2150W Trio Element Assembly
853512,Element Kit - 1500W - Quadra
853514,Element Kit - 2150W - Quadra
853515,Element Kit - 3300W - Quadra
853516,Element Kit - 4300W - Quadra
853520,Eco element
853550,Element Kit - 2000W - Duet
854000,Filter head assy - Quadra
854001,Filter Head Assy - Single
854012,Trio Filter Washer Programmed- 6 Months
854020,Filter housing cannister 0.25in ports
854100,Filter Insert Bypass Plug
854125,Filter  washer - Duet
854514,Bolt Element - Duet
854531,Wingfield nut 0.75in
854532,Washer suits 0.75in Wingfield nut
854908,Drain Connection Kit
854910,XL Drain Connection Tube Includes twin check valves
854911,Cupboard Vent Grill for Sparkling Vent Kit - Billi
854915,T Adaptor Kit - Billi
854935,Adapter Kit - 0.31 in - Brass Trio
854940,Upgrade Kit NZA-Trio
855010,Rubber foot - 10mm
855011,Rubber Foot - 5mm
856441,Pump Kit - Quadra
856444,Pump Kit - Eco and Sahara S3
856445,Billi Quadra Hot Pump (New style)
856450,Trio pump head w/screws
856502,O Ring  - EPR - pump inlet 16 ID x 19.6 OD
856503,O-ring Hot pump body
856512,O-ring EPR Trio element gland
856521,O-ring -0.31in JG push in fitting
856522,O-ring-0.25in JG push in fitting
856523,O-ring Trio Filter 
856524,O-ring silicone 4.4 ID x 9.6 OD
856600,Gasket - Hot tank seal - Eco/Sahara
856606,Grommet Clip - Water sensor
856609,Quadra Element gasket
856610,Rubber grommet - hot temp sensor
856613,Level sensor grommet
856644,Gasket - Element Fibre - Duet
856803,Hot tank lid clip - Ssteel
857051,Eco Inlet Solenoid Valve Kit
857052,Inlet Solenoid Kit - Sahara 310 / B4000
857102,Tube Kit 2 filter - inlet solenoid - Quad
857103,Tube Kit 3 filter - cold solenoid - Quad
857120,Trio Series 2 Tube Kit
857122,Tube - Water Inlet - 0.25 - white (PE08500W)
857125,Filter Feed Tube - Sahara S3
857126,Filter Outlet Tube - Sahara S3
857132,Tube 2 Ass. Compact
857133,Tube 3 Ass. Compact
857150,Eco Filter Feed tube Inlet kit
857151,Eco Filter Feed tube Outlet kit
857152,Sahara 310/Eco Sparkling Filter Outlet Tube Kit
857504,Pressure Limit DC Valve FM600 (88000203)
857510,Venturi Check Valve - Aust
857550,Venturi Assembly Quadra Plus - Billi Genuine Part
857604,Solenoid valve kit aux cool
857611,Kwikwash Dual Valve Kit
857620,Solenoid Control Box - Sparkling
857621,Solenoid Valve - Dual Inlet - Single Outlet - 240V
857643,Solenoid Kit - Cold - Alpine
857645,Dual valve kit V2 Grn-Grn
857646,Inlet Solenoid valve kit
857647,Cold Water Solenoid kit - Quadra
857648,Solenoid valve kit - dual includes O-Ring Br-Yw
857649,Sahara S 3 Solenoid Kit Dual-Grn-Brn
857652,Eco - Dual Solenoid Valve
857671,Pressure Regulator CO2 - M10
857903,Filter wrench
858258,Refrig kit - Quadra wc
87001012,Cosmetal Motor Fan Complete 230v 10w
90790NZ,Zenith G3 Hot Pump Kit
97446C,Elkay Bubbler Spout Kit Vandal-Resistant
98481C,Elkay Bubbler Spout-only
98501C,Elkay Bubbler - Stream Saver Flexi-Guard Spout
98530C,Elkay Kit - Regulator with Spring
98544C,Elkay Infra Red Sensor Activation Service Kit
98631C,Elkay KIT - PCB - Bottle Filler 230V
98632C,Elkay Kit - Solenoid valve
98734C,Elkay KIT-EZ FRONT& SIDE PUSHBARS
98751C,Elkay KIT-EM65HNR Overload/Relay Kit
A431,O-Ring
A556-70,O-Ring
AFA0404,FA - Female Adapter NPTF Thread
AFAB0407C,Female Adapter 1/4 inch x 1/2 inch cone - for Billi use
ATEU0406,1/4 inch x 3/8 inch Joiner
BF20508,Union Hose Joiner
BR10-1,Brackets for Schwan Filters
BS905N90,O-Ring N90 5/16 Tube OD
BTF15,0.5in Tee - Female
CI450814FW,Female Adapter 0.5 x 0.25
CM1NC050-PS,10A 3 pin side entry plug to 10A C13 IEC lead
CM1NC100-PS,10A 3 pin side entry plug to 10A C13 IEC socket
CO2-ADAPT,M10 CO2 adapter
COS-HFVP,Cosmetal Front Panel DXP
COS-HST,Cosmetal safe tray DXF
COS-VENT,H2OMY Vent Kit
DF560R,SC60E Dual Hot and Cold Dispenser-only
DF570R,SC40E Dispenser
DF595H,SC30E  Dispenser Kit
DFP669,Dispenser - Schwan 3 in 1 SC52E
ELF-DK7-HEAD,Filter Head to suit Omnipure ELF filter
ELFBR,Filter Bracket to suit Omnipure ELF-DK7 head
FCK-COS,Filter Connection Kit - Cosmetal. 
FM350,Filtamate PRV
HRHN1508,Hansen Reducing Hex Nipple 15 X 8
HSN15,Hansen Straight Nipple 15mm
M241,Schwan SC60 Heater Element
M242,Schwan Element Gasket
M243,Schwan SC60 Heater Thermostat
M247,Schwan SC60 Temperature Thermostat AC-447
M260,Schwan Tank Connector Head Base Inlet
M261,Schwan O-Ring A431-1
M262,Schwan Alloy Nut - suits Connector Head
M402,Schwan Aerator DF301 - plastic
M403,Schwan Aerator Filter net
M404,Schwan Aerator Housing
M5-1,Driver PCB (W660)
M5-6,Temp Sensor with IC lead (W660)
M505,Schwan LED Board Assembly
MB,Bracket 4 20in - 10in Housing  0.25in
MR037X3.5,37 x 3.5 Metric O Ring N70
N106-C,Schwan SC60 Tap Cartridge - Cold
N106-H,Schwan SC60 Tap Cartridge - Hot
N8516,Schwan Expansion Venturi Valve
PE12500B,Tubing
PH059,Three way water inlet
PH065,Three way water inlet
PI010822S,JG Straight Adapter 1/4in NPTF - 1/4in
PI011222S,Straight Adapter - 1/4 thread to 3/8 push fit
PI011223S,Straight Adapter -3/8 NPTF to 3/8 push fit
PI0208S,Tee piece - 1/4 JG
PI0406S,JG Equal Straight Connecter 3/16in
PI0408S,JG Equal Straight Connecter 1/4in
PI0412S,JG Equal Straight Connecter 3/8in
PI0808S,JG Plug Imperial Size 1/4in
PI201008S,Reducing Straight Adapter JG 5/16 x 1/4
PI201206S,JG Reducing straight connector 3/8in - 3/16in
PI201208S,JG Reducing Straight Connector 3/8in - 1/4in
PI451014FS,JG Female Adapter 1/2in BSP - 5/16in
PI451214FS,Female Adapter 3/8 Tube to 1/2 BSP - Water Inlet Adapter JG
PI480822S,JG Rigid Elbow 1/4in NPTF 1/4in
PM010812E,JG Straight Adapter 1/4in BSP - 8mm
PM060806E,JG Reducer 8mm - 6mm
PM090801E,JG Swivel Elbow 8mm x 1/8 bspt
PM090803E,JG Swivel Elbow 8mm to 3/8
PM1206E,6mm Bulkhead Connector
PM1208E,JG 8mm Bulkhead Connector
PM220808E,JG Stem Elbow 8mm
PM2308E,JG 8mm Two-way Divider
PM2608S,JG Flow Bend 8mm
PN2608S,JG Straight Adapter 1/4in BSPT - 5/16in
PPM0208W,8mm Tee fitting  JG Push Fit PM0208E
PPMSV040808W,JG Stop Tap - 8mm push fit
PPSV011223W,Hand Valve 3/8 NPTF to 3/8 push fit
PPSV040808W,JG Hand Valve 1/4in
PRV-1,Pressure Reducer Valve with Clip - Schwan 
RA-0865,12V 2A POWER PACK
RAP,XL Riser Adapter Plate
RN1510,Reducing Nipple
RO62,Compr parts: Solid State Relay overload for Elkay units
S01031,Ceramic Disc Cartridge for TAP-PLAT
SB2401,Palazzani No-sensor tap Battery Pack
SC30E-TANK,SC30e Tank - Stainless Steel Electronic
SC40E-TANK,SC40e Tank - Stainless Steel Electronic
SC52E-TANK,SC52E Schwan 3 n 1 versatap Tank Only
SHC,SHC Sink Hole Cover
SM1039,Switch MicroW Lever 250V 5A
SV3,Parallel Saddle Valve
SV5,Plumbers delight take off valve
SV6-G,G Clamp Saddle Valve
T.25inGREEN,1/4 nylon tubing GREEN x 1m
TAP-D17,Bubbler tap with stem
TAP-PLAT,Platinum single lever drinking water dispenser
TAPS,Standard Black Handle tap
TBR,Twin Filter Bracket - suits 10 housings
TH1755,Scissor Clamps
TPVH.25,1/4 INCH VALVED HEAD - Standard white
VH.25-60,1/4 Valved Head
W660A-30,SC30e Tank - Component Only - for Kitting
W660A-40,SC40e Tank - Component Only - for Kitting
W660A-52,SC52e Tank - Stainless Steel Electronic
W660A-60,SC60e Tank - Component Only for Kitting
10PX05,Filter Cartridge 10in Purtrek Polyspun 05M
1501323,Small Filter Cartidge - Cosmetal 3M - Nives
51300C,Elkay Water Sentry Replacement Filter
56192C,Elkay Replacement Filter
990103,Billi Trio replacement filter set
990203,Billi Duet Replacement Filter Cartridge Set
994001,Billi replacement filter Fibredyne single
994002,Fibredyne Premium Replacement Filter - 0.2 sub-micron
994004-B,FIlter
994054-B,Billi Filter - HSD Fibron - BULK
AF05,Billi Alpine Replacement Filter Cartridge Set
CF05,Billi Compact Fibron Replacement Filter (994004 & 994054)
CTO-2,10in matrix - CTO 2in 5 micron
ELF-10M-P,Omnipure high-flow filter cartridge
KIT-PFSEDIMENT,14in Sediment Pre-filter assembly
LF2,Elkay Aqua Sentry Retrofit Filter Kit for Unfiltered units
MCF05,Compact Special Filter Set
MQF05,Quadra Special Filter Set
MSF05,Schwan Replacement Filter Set
MSF05-T,Schwan SC60 Filter Twin Pack
MVF10,Filter Cartridge
MWSF05,Merquip Water Softening pre-filter Cartridge 14in
OKDF-30/1 - JJ,Filter inline Omnipure KDF GAC 14in (Suits Waiora & SC20)
Q5521-60,2.5 x10in 10m Carbon Block - BL-Q60
Q5586-60,2.5in x 10in Carbon - Phosphate - BL - Q60
Q5705-60,Sediment pre-filter 2.5in x 14in 5M Sediment BL-60
QF05,Billi Quadra Fibredyne Replacement Filter Set
ZFG405,Zenith Filter Cartridge - Suits G4 Model
